---
title: "パラメータがあるときだけWHERE句が有効になるようなSQLを書こうとして詰んだ"
date: 2020-08-05T20:55:20+09:00
draft: false
tags: ["メモ", "MySQL"]
---

## クエリ1個で済ませたかった
SELECT文のWHEREで絞りたい条件が複数あるときにいちいちクエリを書き直すのが面倒だったので,  
静的なクエリでできないか試したけどあんまり良くなさそうだった.  

<!--more-->
---

## まとめ

`OR`とか`CASE`とかを使うと一応動くものは作れる.  
けどあんまりパフォーマンスが良くなさそうなのでおとなしく動的SQLを使うほうが良さげ.  
{{< highlight mysql >}}
# どちらもTEAMとROLEに空文字('')以外の文字列が指定された場合のみWHERE句が有効になる

mysql> SELECT * FROM employee
    -> WHERE (team = @TEAM OR @TEAM = '')
    -> AND (role = @ROLE OR @ROLE = '')
    -> ;

mysql> SELECT * FROM employee
    -> WHERE CASE WHEN @TEAM = '' THEN @TEAM ELSE team END = @TEAM
    -> AND CASE WHEN @ROLE = '' THEN @ROLE ELSE role END = @ROLE
    -> ;
{{< /highlight >}}

## 環境
- macOS Mojave 10.14
- [MySQL](https://www.mysql.com/) 5.7.25

## やりかた

まずは適当なテーブルを作成する.  
{{< highlight mysql >}}
mysql> source employee.sql

mysql> DESC employee;
+-------+-------------+------+-----+---------+----------------+
| Field | Type        | Null | Key | Default | Extra          |
+-------+-------------+------+-----+---------+----------------+
| id    | int(11)     | NO   | PRI | NULL    | auto_increment |
| name  | varchar(10) | YES  |     | NULL    |                |
| team  | varchar(10) | YES  |     | NULL    |                |
| role  | varchar(10) | YES  |     | NULL    |                |
| age   | int(11)     | YES  |     | NULL    |                |
+-------+-------------+------+-----+---------+----------------+
5 rows in set (0.00 sec)

mysql> SELECT * FROM employee;
+----+----------+------+---------+------+
| id | name     | team | role    | age  |
+----+----------+------+---------+------+
|  1 | Alice    | A    | manager |   30 |
|  2 | Ben      | B    | manager |   50 |
|  3 | Charlie  | A    | member  |   40 |
|  4 | Daniel   | A    | member  |   30 |
|  5 | Emily    | A    | member  |   20 |
|  6 | Florence | A    | member  |   30 |
|  7 | George   | A    | trainee |   20 |
|  8 | Harry    | B    | member  |   40 |
|  9 | Isabel   | B    | member  |   40 |
| 10 | Jack     | B    | trainee |   20 |
| 11 | Katie    | B    | trainee |   20 |
+----+----------+------+---------+------+
11 rows in set (0.00 sec)
{{< /highlight >}}

<details><summary>`employee.sql`</summary><div>
<script src="https://gist.github.com/uzimihsr/d39ff18aaf2378726e4b3c9ad58a1f48.js"></script>
</div></details>

このテーブルから「`team`が`A`で, かつ`role`が`member`」のレコードを抽出するクエリは次のように書ける.  
{{< highlight mysql >}}
mysql> SELECT * FROM employee WHERE team = 'A' AND role = 'member';
+----+----------+------+--------+------+
| id | name     | team | role   | age  |
+----+----------+------+--------+------+
|  3 | Charlie  | A    | member |   40 |
|  4 | Daniel   | A    | member |   30 |
|  5 | Emily    | A    | member |   20 |
|  6 | Florence | A    | member |   30 |
+----+----------+------+--------+------+
4 rows in set (0.00 sec)
{{< /highlight >}}

ここまではいいんだけど,  
外部からクエリを投げるときなんかに`team`と`role`がそれぞれ指定されたときだけ`WHERE`の条件を増やして, 次のようなクエリを自動で作れないか考えてみる.  

{{< highlight mysql >}}
# roleだけ指定された場合
mysql> SELECT * FROM employee WHERE role = 'member';

# teamだけ指定された場合
mysql> SELECT * FROM employee WHERE team = 'A';

# 両方指定された場合
mysql> SELECT * FROM employee WHERE team = 'A' AND role = 'member';

# 何も指定されなかった場合
mysql> SELECT * FROM employee;
{{< /highlight >}}


これをプログラム側で実現するなら次のように動的にクエリを組み立てればできる.  
(これは簡単すぎる例, 本当はこんな適当な文字列連結でクエリを組み立てるのはSQLインジェクションとかを考えるとたぶんセキュリティ的によろしくない)  

`sql_example.go`
<script src="https://gist.github.com/uzimihsr/7b4ea00c50706e9676407d8cc04dd49b.js"></script>

これでも問題なさそうなんだけど,  
プログラム側の処理に頼らず`SQL`だけでこんな感じのクエリを組み立てたくなった.  

できそうなのは2通り.  

### ORを使う

レコードの要素に`NULL`がない場合は`OR`で複数の条件を合わせればできそう.  

{{< highlight mysql >}}
mysql> SELECT * FROM employee
    -> WHERE (team = @TEAM OR @TEAM = '')
    -> AND (role = @ROLE OR @ROLE = '')
    -> ;
{{< /highlight >}}

`WHERE (team = @TEAM OR @TEAM = '')`はパラメータ`@TEAM`の内容によって次のように変わる.  

1. `@TEAM = ''`の場合  
`WHERE (team = '' OR '' = '')`  
-> `team = ''`となるレコードはないので`'' = ''`を満たすレコード(即ち全件)を抽出  

2. `@TEAM = 'A'`の場合  
`WHERE (team = 'A' OR 'A' = '')`  
-> `'A' = ''`となるレコードはないので`team = 'A'`を満たすレコードのみ抽出  

実際に試してみる.  

{{< highlight mysql >}}
mysql> SET @TEAM=''; SET @ROLE='';
mysql> SELECT * FROM employee WHERE (team = @TEAM OR @TEAM = '') AND (role = @ROLE OR @ROLE = '');
+----+----------+------+---------+------+
| id | name     | team | role    | age  |
+----+----------+------+---------+------+
|  1 | Alice    | A    | manager |   30 |
|  2 | Ben      | B    | manager |   50 |
|  3 | Charlie  | A    | member  |   40 |
|  4 | Daniel   | A    | member  |   30 |
|  5 | Emily    | A    | member  |   20 |
|  6 | Florence | A    | member  |   30 |
|  7 | George   | A    | trainee |   20 |
|  8 | Harry    | B    | member  |   40 |
|  9 | Isabel   | B    | member  |   40 |
| 10 | Jack     | B    | trainee |   20 |
| 11 | Katie    | B    | trainee |   20 |
+----+----------+------+---------+------+
11 rows in set (0.00 sec)
# SELECT * FROM employee; と同じ

mysql> SET @TEAM='A'; SET @ROLE='';
mysql> SELECT * FROM employee WHERE (team = @TEAM OR @TEAM = '') AND (role = @ROLE OR @ROLE = '');
+----+----------+------+---------+------+
| id | name     | team | role    | age  |
+----+----------+------+---------+------+
|  1 | Alice    | A    | manager |   30 |
|  3 | Charlie  | A    | member  |   40 |
|  4 | Daniel   | A    | member  |   30 |
|  5 | Emily    | A    | member  |   20 |
|  6 | Florence | A    | member  |   30 |
|  7 | George   | A    | trainee |   20 |
+----+----------+------+---------+------+
6 rows in set (0.00 sec)
# SELECT * FROM employee WHERE team = 'A'; と同じ

mysql> SET @TEAM=''; SET @ROLE='member';
mysql> SELECT * FROM employee WHERE (team = @TEAM OR @TEAM = '') AND (role = @ROLE OR @ROLE = '');
+----+----------+------+--------+------+
| id | name     | team | role   | age  |
+----+----------+------+--------+------+
|  3 | Charlie  | A    | member |   40 |
|  4 | Daniel   | A    | member |   30 |
|  5 | Emily    | A    | member |   20 |
|  6 | Florence | A    | member |   30 |
|  8 | Harry    | B    | member |   40 |
|  9 | Isabel   | B    | member |   40 |
+----+----------+------+--------+------+
6 rows in set (0.00 sec)
# SELECT * FROM employee WHERE role = 'member'; と同じ

mysql> SET @TEAM='A'; SET @ROLE='member';
mysql> SELECT * FROM employee WHERE (team = @TEAM OR @TEAM = '') AND (role = @ROLE OR @ROLE = '');
+----+----------+------+--------+------+
| id | name     | team | role   | age  |
+----+----------+------+--------+------+
|  3 | Charlie  | A    | member |   40 |
|  4 | Daniel   | A    | member |   30 |
|  5 | Emily    | A    | member |   20 |
|  6 | Florence | A    | member |   30 |
+----+----------+------+--------+------+
4 rows in set (0.00 sec)
# SELECT * FROM employee WHERE team = 'A' AND role = 'member'; と同じ
{{< /highlight >}}

やったぜ.  
と思ったらこのやり方は個別の条件を指定するクエリに比べると`INDEX`が使えなくなるので, 性能が良くないらしい...[^1]  
今はまだテーブルが小さいからうまくいってるように見えるだけなんだろうか.  
SQLチューニングはちゃんと勉強したことがないのでよくわからん.  

### CASEでがんばる
ちょっと探してみたら`CASE`を使う別の方法もあった[^2].  

{{< highlight mysql >}}
mysql> SELECT * FROM employee
    -> WHERE CASE WHEN @TEAM = '' THEN @TEAM ELSE team END = @TEAM
    -> AND CASE WHEN @ROLE = '' THEN @ROLE ELSE role END = @ROLE
    -> ;
{{< /highlight >}}

こっちも構文が違うだけで結果は同じになるけど, パフォーマンスも変わらないんだろうか...  

{{< highlight mysql >}}
mysql> SET @TEAM='A'; SET @ROLE='member';
mysql> SELECT * FROM employee WHERE CASE WHEN @TEAM = '' THEN @TEAM ELSE team END = @TEAM AND CASE WHEN @ROLE = '' THEN @ROLE ELSE role END = @ROLE;
+----+----------+------+--------+------+
| id | name     | team | role   | age  |
+----+----------+------+--------+------+
|  3 | Charlie  | A    | member |   40 |
|  4 | Daniel   | A    | member |   30 |
|  5 | Emily    | A    | member |   20 |
|  6 | Florence | A    | member |   30 |
+----+----------+------+--------+------+
4 rows in set (0.00 sec)
# SELECT * FROM employee WHERE team = 'A' AND role = 'member'; と同じ

mysql> SET @TEAM='A'; SET @ROLE='';
mysql> SELECT * FROM employee WHERE CASE WHEN @TEAM = '' THEN @TEAM ELSE team END = @TEAM AND CASE WHEN @ROLE = '' THEN @ROLE ELSE role END = @ROLE;
+----+----------+------+---------+------+
| id | name     | team | role    | age  |
+----+----------+------+---------+------+
|  1 | Alice    | A    | manager |   30 |
|  3 | Charlie  | A    | member  |   40 |
|  4 | Daniel   | A    | member  |   30 |
|  5 | Emily    | A    | member  |   20 |
|  6 | Florence | A    | member  |   30 |
|  7 | George   | A    | trainee |   20 |
+----+----------+------+---------+------+
6 rows in set (0.00 sec)
# SELECT * FROM employee WHERE team = 'A'; と同じ

mysql> SET @TEAM=''; SET @ROLE='member';
mysql> SELECT * FROM employee WHERE CASE WHEN @TEAM = '' THEN @TEAM ELSE team END = @TEAM AND CASE WHEN @ROLE = '' THEN @ROLE ELSE role END = @ROLE;
+----+----------+------+--------+------+
| id | name     | team | role   | age  |
+----+----------+------+--------+------+
|  3 | Charlie  | A    | member |   40 |
|  4 | Daniel   | A    | member |   30 |
|  5 | Emily    | A    | member |   20 |
|  6 | Florence | A    | member |   30 |
|  8 | Harry    | B    | member |   40 |
|  9 | Isabel   | B    | member |   40 |
+----+----------+------+--------+------+
6 rows in set (0.00 sec)
# SELECT * FROM employee WHERE role = 'member'; と同じ

mysql> SET @TEAM=''; SET @ROLE='';
mysql> SELECT * FROM employee WHERE CASE WHEN @TEAM = '' THEN @TEAM ELSE team END = @TEAM AND CASE WHEN @ROLE = '' THEN @ROLE ELSE role END = @ROLE;
+----+----------+------+---------+------+
| id | name     | team | role    | age  |
+----+----------+------+---------+------+
|  1 | Alice    | A    | manager |   30 |
|  2 | Ben      | B    | manager |   50 |
|  3 | Charlie  | A    | member  |   40 |
|  4 | Daniel   | A    | member  |   30 |
|  5 | Emily    | A    | member  |   20 |
|  6 | Florence | A    | member  |   30 |
|  7 | George   | A    | trainee |   20 |
|  8 | Harry    | B    | member  |   40 |
|  9 | Isabel   | B    | member  |   40 |
| 10 | Jack     | B    | trainee |   20 |
| 11 | Katie    | B    | trainee |   20 |
+----+----------+------+---------+------+
11 rows in set (0.00 sec)
# SELECT * FROM employee; と同じ
{{< /highlight >}}

## おわり
一応動くものは作れたけど, このやり方だとパフォーマンス面を考えると微妙みたい...  
参考にした記事にもあるように, やっぱりクエリを変化させたいときは動的に組み立てるほうがいいんだろうか?  

目的の用途はそこまでスピードが求められるものではないので一旦はこれで良しとしたいけど, やっぱりちょっとひっかかる...  
SQLの勉強は正直あまりやりたくないので多分ORMとか使って動的SQLを組み立てるほうが楽そう.  

## おまけ
ねこのかわいい肉球  
![そとちゃん](/images/2020-08-05/sotochan.jpg)  

## 参考
[^1]: [SQLにおける条件付きのWHERE句- スマートなロジックを使わない場合](https://use-the-index-luke.com/ja/sql/where-clause/obfuscation/smart-logic)  
[^2]: [検索SQLで、検索欄が空欄のとき、全検索にする](https://qiita.com/nogitsune413/items/9c939f50714e430461c8)  
